"n","candidate_levels_count","best_levels_json","probs_json","utility_q_babble","utility_q_base","utility_q_star","delta_base","delta_star","kept_q_babble","kept_q_base","kept_q_star","q_base_groups","q_star_groups","merges_alg2","num_edges_alg1_first","time_alg1_first_s","time_alg2_s","time_alg4_s","time_alg24_s"
2,2,"[0.6666666666666666, 0.6666666666666666, 0.6666666666666666, 0.6666666666666666]","[0.25, 0.25, 0.25, 0.25]",0.0,0.0,0.0,0.0,0.0,0,0,0,2,2,0,1,1.1916999937966466e-05,1.1333002476021647e-05,2.204100019298494e-05,3.3374002669006586e-05
3,3,"[0.75, 0.75, 0.5, 0.25]","[0.25, 0.25, 0.25, 0.25]",0.0,0.75,1.25,0.75,1.25,0,1,2,3,2,0,2,6.208007107488811e-06,8.917006198316813e-06,3.5416989703662694e-05,4.4333995901979506e-05
4,4,"[0.8, 0.8, 0.6, 0.6]","[0.25, 0.25, 0.25, 0.25]",0.0,0.8,1.4,0.8,1.4,0,1,2,4,3,0,6,9.791998309083283e-06,1.345800410490483e-05,5.987500480841845e-05,7.333300891332328e-05
5,5,"[0.6666666666666666, 0.5, 0.5, 0.3333333333333333]","[0.25, 0.25, 0.25, 0.25]",0.0,1.5,1.5,1.5,1.5,0,2,2,4,4,1,6,1.2999997125007212e-05,3.091699909418821e-05,5.445799615699798e-05,8.537499525118619e-05
6,6,"[0.5714285714285714, 0.5714285714285714, 0.2857142857142857, 0.14285714285714285]","[0.25, 0.25, 0.25, 0.25]",0.5714285714285714,2.571428571428571,2.571428571428571,1.9999999999999998,1.9999999999999998,1,4,4,3,3,3,11,1.6332996892742813e-05,6.837501132395118e-05,3.6874989746138453e-05,0.00010525000107008964
7,7,"[0.625, 0.625, 0.625, 0.5]","[0.25, 0.25, 0.25, 0.25]",0.0,2.75,2.75,2.75,2.75,0,4,4,4,4,3,20,2.1208004909567535e-05,9.287499415222555e-05,6.208299600984901e-05,0.00015495799016207457
8,8,"[0.6666666666666666, 0.5555555555555556, 0.5555555555555556, 0.4444444444444444]","[0.25, 0.25, 0.25, 0.25]",0.4444444444444444,3.333333333333333,3.6666666666666665,2.8888888888888884,3.2222222222222223,1,5,6,5,3,3,27,2.4958004360087216e-05,0.0001272089866688475,0.00010516699694562703,0.00023237598361447453
9,9,"[0.6, 0.6, 0.5, 0.2]","[0.25, 0.25, 0.25, 0.25]",0.1,3.5000000000000004,3.9000000000000004,3.4000000000000004,3.8000000000000003,1,5,6,6,4,3,30,3.47500026691705e-05,0.00013629200111608952,0.0001401250046910718,0.00027641700580716133
10,10,"[0.6363636363636364, 0.6363636363636364, 0.5454545454545454, 0.2727272727272727]","[0.25, 0.25, 0.25, 0.25]",0.0,3.6363636363636362,4.090909090909091,3.6363636363636362,4.090909090909091,0,5,6,7,5,3,39,3.5249991924501956e-05,0.00018112499674316496,0.00019729099585674703,0.000378415992599912
11,10,"[0.5833333333333334, 0.5833333333333334, 0.25, 0.25]","[0.25, 0.25, 0.25, 0.25]",1.1666666666666667,5.0,5.0,3.833333333333333,3.833333333333333,3,8,8,4,4,7,41,4.8125002649612725e-05,0.00035179199767298996,7.558301149401814e-05,0.0004273750091670081
12,10,"[0.5384615384615384, 0.5384615384615384, 0.38461538461538464, 0.23076923076923078]","[0.25, 0.25, 0.25, 0.25]",1.076923076923077,5.538461538461539,5.76923076923077,4.461538461538462,4.692307692307693,3,9,10,5,3,7,48,4.883299698121846e-05,0.0004056249890709296,0.0001227080065291375,0.0005283329956000671
13,10,"[0.5714285714285714, 0.5714285714285714, 0.5714285714285714, 0.42857142857142855]","[0.25, 0.25, 0.25, 0.25]",0.7142857142857142,5.0,6.071428571428571,4.285714285714286,5.357142857142857,2,7,10,10,4,3,67,5.691600381396711e-05,0.00028291599301155657,0.00043841700244229287,0.0007213329954538494
14,10,"[0.5333333333333333, 0.5333333333333333, 0.4666666666666667, 0.13333333333333333]","[0.25, 0.25, 0.25, 0.25]",1.7333333333333332,6.8,6.8,5.066666666666666,5.066666666666666,5,12,12,3,3,11,70,6.937500438652933e-05,0.0007274169911397621,5.937500100117177e-05,0.0007867919921409339
15,10,"[0.5625, 0.5625, 0.5625, 0.25]","[0.25, 0.25, 0.25, 0.25]",1.5625,6.875,7.125,5.3125,5.5625,5,11,12,6,4,9,82,7.199999527074397e-05,0.0007839580066502094,0.0001854579895734787,0.0009694159962236881
16,10,"[0.6470588235294118, 0.6470588235294118, 0.5294117647058824, 0.5294117647058824]","[0.25, 0.25, 0.25, 0.25]",0.0,6.352941176470588,6.764705882352941,6.352941176470588,6.764705882352941,0,9,10,9,7,7,106,8.137499389704317e-05,0.0007312500092666596,0.0003860830038320273,0.001117333013098687
17,10,"[0.6666666666666666, 0.6666666666666666, 0.6666666666666666, 0.5555555555555556]","[0.25, 0.25, 0.25, 0.25]",0.0,6.5,6.944444444444445,6.5,6.944444444444445,0,9,10,10,8,7,121,9.470900113228709e-05,0.000839707994600758,0.0004631670017261058,0.0013028749963268638
18,10,"[0.7368421052631579, 0.631578947368421, 0.631578947368421, 0.5263157894736842]","[0.25, 0.25, 0.25, 0.25]",0.0,7.105263157894736,7.526315789473683,7.105263157894736,7.526315789473683,0,10,11,11,9,7,133,9.750000026542693e-05,0.000894374999916181,0.0005671660037478432,0.0014615410036640242
19,10,"[0.55, 0.55, 0.55, 0.35]","[0.25, 0.25, 0.25, 0.25]",1.1,9.2,9.2,8.1,8.1,2,16,16,4,4,15,163,0.00010666700836736709,0.0016091249999590218,8.983400766737759e-05,0.0016989590076263994
20,10,"[0.5714285714285714, 0.5714285714285714, 0.5714285714285714, 0.42857142857142855]","[0.25, 0.25, 0.25, 0.25]",1.0952380952380951,9.000000000000002,9.523809523809526,7.904761904761907,8.42857142857143,3,14,16,9,5,11,171,0.00011729200195986778,0.0015277920028893277,0.0004072919982718304,0.001935084001161158
21,10,"[0.6363636363636364, 0.5454545454545454, 0.5454545454545454, 0.5454545454545454]","[0.25, 0.25, 0.25, 0.25]",0.0,8.0,9.227272727272727,8.0,9.227272727272727,0,11,14,14,8,7,192,0.0001282500015804544,0.0012153749994467944,0.0010025000083260238,0.002217875007772818
22,10,"[0.6521739130434783, 0.5652173913043478, 0.5652173913043478, 0.5652173913043478]","[0.25, 0.25, 0.25, 0.25]",0.0,8.130434782608695,9.434782608695652,8.130434782608695,9.434782608695652,0,11,14,15,9,7,211,0.00013983299140818417,0.0013725000026170164,0.0011921249970328063,0.0025646249996498227
23,10,"[0.6666666666666666, 0.6666666666666666, 0.6666666666666666, 0.5416666666666666]","[0.25, 0.25, 0.25, 0.25]",0.0,9.208333333333334,9.625,9.208333333333334,9.625,0,13,14,12,10,11,229,0.0001524580002296716,0.002038083999650553,0.0007566249987576157,0.0027947089984081686
24,10,"[0.76, 0.76, 0.76, 0.56]","[0.25, 0.25, 0.25, 0.25]",0.0,7.799999999999998,7.799999999999998,7.799999999999998,7.799999999999998,0,10,10,15,15,9,233,0.00016445800429210067,0.0019222910050302744,0.0011443749972386286,0.003066666002268903
25,10,"[0.6538461538461539, 0.6538461538461539, 0.5384615384615384, 0.5384615384615384]","[0.25, 0.25, 0.25, 0.25]",0.0,9.961538461538462,10.76923076923077,9.961538461538462,10.76923076923077,0,14,16,14,10,11,267,0.0001822090125642717,0.002398583004833199,0.0010898750042542815,0.0034884580090874806
26,10,"[0.6666666666666666, 0.5555555555555556, 0.5555555555555556, 0.5555555555555556]","[0.25, 0.25, 0.25, 0.25]",0.0,10.11111111111111,10.962962962962962,10.11111111111111,10.962962962962962,0,14,16,15,11,11,307,0.00019645800057332963,0.0026676669949665666,0.0012764580023940653,0.003944124997360632
27,10,"[0.8571428571428571, 0.5357142857142857, 0.5357142857142857, 0.5357142857142857]","[0.25, 0.25, 0.25, 0.25]",0.0,9.214285714285715,13.285714285714286,9.214285714285715,13.285714285714286,0,12,24,27,4,0,342,0.00021112500689923763,0.0002812080056173727,0.004694584000390023,0.004975792006007396
28,10,"[0.6551724137931034, 0.6551724137931034, 0.6551724137931034, 0.5517241379310345]","[0.25, 0.25, 0.25, 0.25]",0.0,10.862068965517242,12.10344827586207,10.862068965517242,12.10344827586207,0,15,18,17,11,11,350,0.00022466600057668984,0.0031426670029759407,0.0018352079932810739,0.004977874996257015
29,10,"[0.6666666666666666, 0.5666666666666667, 0.5666666666666667, 0.5666666666666667]","[0.25, 0.25, 0.25, 0.25]",0.0,10.999999999999998,12.299999999999999,10.999999999999998,12.299999999999999,0,15,18,18,12,11,360,0.00024533299438189715,0.0035037500056205317,0.0020962080016033724,0.005599958007223904
30,10,"[0.6451612903225806, 0.5483870967741935, 0.5483870967741935, 0.3548387096774194]","[0.25, 0.25, 0.25, 0.25]",2.161290322580645,12.870967741935484,13.225806451612904,10.70967741935484,11.06451612903226,6,19,20,13,11,17,361,0.0002565419999882579,0.004926916997646913,0.0010022920032497495,0.0059292090008966625
31,10,"[0.65625, 0.65625, 0.65625, 0.5625]","[0.25, 0.25, 0.25, 0.25]",0.0,11.75,13.4375,11.75,13.4375,0,16,20,20,12,11,414,0.00027041599969379604,0.00385895800718572,0.0025981250073527917,0.006457083014538512
32,10,"[0.5454545454545454, 0.5454545454545454, 0.5454545454545454, 0.12121212121212122]","[0.25, 0.25, 0.25, 0.25]",1.9393939393939394,15.696969696969699,15.696969696969699,13.75757575757576,13.75757575757576,4,28,28,5,5,27,442,0.00030433300707954913,0.00748537499748636,0.0001756249985191971,0.0076609999960055575
2,2,"[0.6666666666666666, 0.6666666666666666, 0.6666666666666666, 0.6666666666666666]","[0.25, 0.25, 0.25, 0.25]",0.0,0.0,0.0,0.0,0.0,0,0,0,2,2,0,1,1.1750002158805728e-05,1.1500000255182385e-05,2.2167005226947367e-05,3.366700548212975e-05
3,3,"[0.75, 0.75, 0.5, 0.25]","[0.25, 0.25, 0.25, 0.25]",0.0,0.75,1.25,0.75,1.25,0,1,2,3,2,0,2,6.54099858365953e-06,8.750008419156075e-06,3.5667006159201264e-05,4.441701457835734e-05
4,4,"[0.8, 0.8, 0.6, 0.6]","[0.25, 0.25, 0.25, 0.25]",0.0,0.8,1.4,0.8,1.4,0,1,2,4,3,0,6,9.499999578110874e-06,1.3291995855979621e-05,5.654200504068285e-05,6.983400089666247e-05
5,5,"[0.6666666666666666, 0.5, 0.5, 0.3333333333333333]","[0.25, 0.25, 0.25, 0.25]",0.0,1.5,1.5,1.5,1.5,0,2,2,4,4,1,6,1.2042000889778137e-05,2.8750000637955964e-05,5.07910008309409e-05,7.954100146889687e-05
6,6,"[0.5714285714285714, 0.5714285714285714, 0.2857142857142857, 0.14285714285714285]","[0.25, 0.25, 0.25, 0.25]",0.5714285714285714,2.571428571428571,2.571428571428571,1.9999999999999998,1.9999999999999998,1,4,4,3,3,3,11,1.666600292082876e-05,7.095900946296751e-05,3.7417004932649434e-05,0.00010837601439561695
7,7,"[0.625, 0.625, 0.625, 0.5]","[0.25, 0.25, 0.25, 0.25]",0.0,2.75,2.75,2.75,2.75,0,4,4,4,4,3,20,1.9583007087931037e-05,8.625000191386789e-05,5.716699524782598e-05,0.00014341699716169387
8,8,"[0.6666666666666666, 0.5555555555555556, 0.5555555555555556, 0.4444444444444444]","[0.25, 0.25, 0.25, 0.25]",0.4444444444444444,3.333333333333333,3.6666666666666665,2.8888888888888884,3.2222222222222223,1,5,6,5,3,3,27,2.429200685583055e-05,0.00011116699897684157,9.575000149197876e-05,0.00020691700046882033
9,9,"[0.6, 0.6, 0.5, 0.2]","[0.25, 0.25, 0.25, 0.25]",0.1,3.5000000000000004,3.9000000000000004,3.4000000000000004,3.8000000000000003,1,5,6,6,4,3,30,2.9041999368928373e-05,0.00013324999599717557,0.0001328750076936558,0.00026612500369083136
10,10,"[0.6363636363636364, 0.6363636363636364, 0.5454545454545454, 0.2727272727272727]","[0.25, 0.25, 0.25, 0.25]",0.0,3.6363636363636362,4.090909090909091,3.6363636363636362,4.090909090909091,0,5,6,7,5,3,39,3.387501055840403e-05,0.00016500000492669642,0.00018204099615104496,0.0003470410010777414
2,2,"[0.6666666666666666, 0.6666666666666666, 0.6666666666666666, 0.6666666666666666]","[0.25, 0.25, 0.25, 0.25]",0.0,0.0,0.0,0.0,0.0,0,0,0,2,2,0,1,1.2792006600648165e-05,1.1958007235080004e-05,2.28749995585531e-05,3.48330067936331e-05
3,3,"[0.75, 0.75, 0.5, 0.25]","[0.25, 0.25, 0.25, 0.25]",0.0,0.75,1.25,0.75,1.25,0,1,2,3,2,0,2,6.2910112319514155e-06,8.999995770864189e-06,3.729200398083776e-05,4.629199975170195e-05
4,4,"[0.8, 0.8, 0.6, 0.6]","[0.25, 0.25, 0.25, 0.25]",0.0,0.8,1.4,0.8,1.4,0,1,2,4,3,0,6,9.708994184620678e-06,1.3083001249469817e-05,5.754099402111024e-05,7.062399527058005e-05
5,5,"[0.6666666666666666, 0.5, 0.5, 0.3333333333333333]","[0.25, 0.25, 0.25, 0.25]",0.0,1.5,1.5,1.5,1.5,0,2,2,4,4,1,6,1.2832999345846474e-05,3.0291004804894328e-05,5.6333999964408576e-05,8.66250047693029e-05
6,6,"[0.5714285714285714, 0.5714285714285714, 0.2857142857142857, 0.14285714285714285]","[0.25, 0.25, 0.25, 0.25]",0.5714285714285714,2.571428571428571,2.571428571428571,1.9999999999999998,1.9999999999999998,1,4,4,3,3,3,11,1.5416997484862804e-05,6.620900239795446e-05,3.5541001125238836e-05,0.0001017500035231933
7,7,"[0.625, 0.625, 0.625, 0.5]","[0.25, 0.25, 0.25, 0.25]",0.0,2.75,2.75,2.75,2.75,0,4,4,4,4,3,20,2.0916995708830655e-05,9.22499893931672e-05,5.8833000366576016e-05,0.00015108298975974321
8,8,"[0.6666666666666666, 0.5555555555555556, 0.5555555555555556, 0.4444444444444444]","[0.25, 0.25, 0.25, 0.25]",0.4444444444444444,3.333333333333333,3.6666666666666665,2.8888888888888884,3.2222222222222223,1,5,6,5,3,3,27,2.3916989448480308e-05,0.00011170801008120179,9.587500244379044e-05,0.00020758301252499223
9,9,"[0.6, 0.6, 0.5, 0.2]","[0.25, 0.25, 0.25, 0.25]",0.1,3.5000000000000004,3.9000000000000004,3.4000000000000004,3.8000000000000003,1,5,6,6,4,3,30,2.9666000045835972e-05,0.00013775000115856528,0.0001361659960821271,0.0002739159972406924
10,10,"[0.6363636363636364, 0.6363636363636364, 0.5454545454545454, 0.2727272727272727]","[0.25, 0.25, 0.25, 0.25]",0.0,3.6363636363636362,4.090909090909091,3.6363636363636362,4.090909090909091,0,5,6,7,5,3,39,3.520799509715289e-05,0.0001669589983066544,0.0001879579940577969,0.0003549169923644513
2,2,"[0.6666666666666666, 0.6666666666666666, 0.6666666666666666, 0.6666666666666666]","[0.25, 0.25, 0.25, 0.25]",0.0,0.0,0.0,0.0,0.0,0,0,0,2,2,0,1,1.0167001164518297e-05,1.083301322069019e-05,1.979200169444084e-05,3.062501491513103e-05
3,3,"[0.75, 0.75, 0.5, 0.25]","[0.25, 0.25, 0.25, 0.25]",0.0,0.75,1.25,0.75,1.25,0,1,2,3,2,0,2,6.250003934837878e-06,8.584000170230865e-06,3.620899224188179e-05,4.479299241211265e-05
4,4,"[0.8, 0.8, 0.6, 0.6]","[0.25, 0.25, 0.25, 0.25]",0.0,0.8,1.4,0.8,1.4,0,1,2,4,3,0,6,9.249997674487531e-06,1.1874988558702171e-05,5.458299710880965e-05,6.645798566751182e-05
5,5,"[0.6666666666666666, 0.5, 0.5, 0.3333333333333333]","[0.25, 0.25, 0.25, 0.25]",0.0,1.5,1.5,1.5,1.5,0,2,2,4,4,1,6,1.2417003745213151e-05,2.9457994969561696e-05,5.0000002374872565e-05,7.945799734443426e-05
6,6,"[0.5714285714285714, 0.5714285714285714, 0.2857142857142857, 0.14285714285714285]","[0.25, 0.25, 0.25, 0.25]",0.5714285714285714,2.571428571428571,2.571428571428571,1.9999999999999998,1.9999999999999998,1,4,4,3,3,3,11,1.6584002878516912e-05,7.079199713189155e-05,3.7999998312443495e-05,0.00010879199544433504
7,7,"[0.625, 0.625, 0.625, 0.5]","[0.25, 0.25, 0.25, 0.25]",0.0,2.75,2.75,2.75,2.75,0,4,4,4,4,3,20,1.895899185910821e-05,8.708400127943605e-05,6.037499406374991e-05,0.00014745899534318596
8,8,"[0.6666666666666666, 0.5555555555555556, 0.5555555555555556, 0.4444444444444444]","[0.25, 0.25, 0.25, 0.25]",0.4444444444444444,3.333333333333333,3.6666666666666665,2.8888888888888884,3.2222222222222223,1,5,6,5,3,3,27,2.4499997380189598e-05,0.00011133399675600231,9.583299106452614e-05,0.00020716698782052845
9,9,"[0.6, 0.6, 0.5, 0.2]","[0.25, 0.25, 0.25, 0.25]",0.1,3.5000000000000004,3.9000000000000004,3.4000000000000004,3.8000000000000003,1,5,6,6,4,3,30,2.849999873433262e-05,0.0001320830051554367,0.00013820799358654767,0.00027029099874198437
10,10,"[0.6363636363636364, 0.6363636363636364, 0.5454545454545454, 0.2727272727272727]","[0.25, 0.25, 0.25, 0.25]",0.0,3.6363636363636362,4.090909090909091,3.6363636363636362,4.090909090909091,0,5,6,7,5,3,39,3.458400897216052e-05,0.00016091599536594003,0.00018191699928138405,0.0003428329946473241
2,2,"[0.6666666666666666, 0.6666666666666666, 0.6666666666666666, 0.6666666666666666]","[0.25, 0.25, 0.25, 0.25]",0.0,0.0,0.0,0.0,0.0,0,0,0,2,2,0,1,1.029198756441474e-05,1.0332994861528277e-05,2.058300015050918e-05,3.0915995012037456e-05
3,3,"[0.75, 0.75, 0.5, 0.25]","[0.25, 0.25, 0.25, 0.25]",0.0,0.75,1.25,0.75,1.25,0,1,2,3,2,0,2,6.332993507385254e-06,8.41599830891937e-06,3.6541998269967735e-05,4.4957996578887105e-05
4,4,"[0.8, 0.8, 0.6, 0.6]","[0.25, 0.25, 0.25, 0.25]",0.0,0.8,1.4,0.8,1.4,0,1,2,4,3,0,6,9.12499672267586e-06,1.2624994269572198e-05,5.75829908484593e-05,7.02079851180315e-05
5,5,"[0.6666666666666666, 0.5, 0.5, 0.3333333333333333]","[0.25, 0.25, 0.25, 0.25]",0.0,1.5,1.5,1.5,1.5,0,2,2,4,4,1,6,1.2041986337862909e-05,2.9000002541579306e-05,5.091700586490333e-05,7.991700840648264e-05
6,6,"[0.5714285714285714, 0.5714285714285714, 0.2857142857142857, 0.14285714285714285]","[0.25, 0.25, 0.25, 0.25]",0.5714285714285714,2.571428571428571,2.571428571428571,1.9999999999999998,1.9999999999999998,1,4,4,3,3,3,11,1.575000351294875e-05,6.720901001244783e-05,3.600001218728721e-05,0.00010320902219973505
7,7,"[0.625, 0.625, 0.625, 0.5]","[0.25, 0.25, 0.25, 0.25]",0.0,2.75,2.75,2.75,2.75,0,4,4,4,4,3,20,2.024999412242323e-05,8.925001020543277e-05,5.9833997511304915e-05,0.0001490840077167377
8,8,"[0.6666666666666666, 0.5555555555555556, 0.5555555555555556, 0.4444444444444444]","[0.25, 0.25, 0.25, 0.25]",0.4444444444444444,3.333333333333333,3.6666666666666665,2.8888888888888884,3.2222222222222223,1,5,6,5,3,3,27,2.4082997697405517e-05,0.00011141700088046491,9.67499945545569e-05,0.00020816699543502182
9,9,"[0.6, 0.6, 0.5, 0.2]","[0.25, 0.25, 0.25, 0.25]",0.1,3.5000000000000004,3.9000000000000004,3.4000000000000004,3.8000000000000003,1,5,6,6,4,3,30,2.89169984171167e-05,0.00013216699881013483,0.0001326670026173815,0.00026483400142751634
10,10,"[0.6363636363636364, 0.6363636363636364, 0.5454545454545454, 0.2727272727272727]","[0.25, 0.25, 0.25, 0.25]",0.0,3.6363636363636362,4.090909090909091,3.6363636363636362,4.090909090909091,0,5,6,7,5,3,39,3.408400516491383e-05,0.00016108299314510077,0.00018354199710302055,0.0003446249902481213
2,2,"[0.6666666666666666, 0.6666666666666666, 0.6666666666666666, 0.6666666666666666]","[0.25, 0.25, 0.25, 0.25]",0.0,0.0,0.0,0.0,0.0,0,0,0,2,2,0,1,1.0332994861528277e-05,1.0750009096227586e-05,2.0666993805207312e-05,3.14170029014349e-05
3,3,"[0.75, 0.75, 0.5, 0.25]","[0.25, 0.25, 0.25, 0.25]",0.0,0.75,1.25,0.75,1.25,0,1,2,3,2,0,2,6.332993507385254e-06,8.542003342881799e-06,3.5707998904399574e-05,4.425000224728137e-05
4,4,"[0.8, 0.8, 0.6, 0.6]","[0.25, 0.25, 0.25, 0.25]",0.0,0.8,1.4,0.8,1.4,0,1,2,4,3,0,6,9.374998626299202e-06,1.2666991096921265e-05,5.483400309458375e-05,6.750099419150501e-05
5,5,"[0.6666666666666666, 0.5, 0.5, 0.3333333333333333]","[0.25, 0.25, 0.25, 0.25]",0.0,1.5,1.5,1.5,1.5,0,2,2,4,4,1,6,1.2124990462325513e-05,2.8833004762418568e-05,5.041698750574142e-05,7.924999226815999e-05
6,6,"[0.5714285714285714, 0.5714285714285714, 0.2857142857142857, 0.14285714285714285]","[0.25, 0.25, 0.25, 0.25]",0.5714285714285714,2.571428571428571,2.571428571428571,1.9999999999999998,1.9999999999999998,1,4,4,3,3,3,11,1.5583005733788013e-05,6.766700244043022e-05,3.708299482241273e-05,0.00010474999726284295
7,7,"[0.625, 0.625, 0.625, 0.5]","[0.25, 0.25, 0.25, 0.25]",0.0,2.75,2.75,2.75,2.75,0,4,4,4,4,3,20,2.0499996026046574e-05,9.095799759961665e-05,6.079199374653399e-05,0.00015174999134615064
8,8,"[0.6666666666666666, 0.5555555555555556, 0.5555555555555556, 0.4444444444444444]","[0.25, 0.25, 0.25, 0.25]",0.4444444444444444,3.333333333333333,3.6666666666666665,2.8888888888888884,3.2222222222222223,1,5,6,5,3,3,27,2.441700780764222e-05,0.00011166700278408825,9.937499999068677e-05,0.00021104200277477503
9,9,"[0.6, 0.6, 0.5, 0.2]","[0.25, 0.25, 0.25, 0.25]",0.1,3.5000000000000004,3.9000000000000004,3.4000000000000004,3.8000000000000003,1,5,6,6,4,3,30,2.912498894147575e-05,0.00013275000674184412,0.00013166700955480337,0.0002644170162966475
10,10,"[0.6363636363636364, 0.6363636363636364, 0.5454545454545454, 0.2727272727272727]","[0.25, 0.25, 0.25, 0.25]",0.0,3.6363636363636362,4.090909090909091,3.6363636363636362,4.090909090909091,0,5,6,7,5,3,39,3.4374999813735485e-05,0.0001638329995330423,0.0001824589999159798,0.0003462919994490221
2,2,"[0.6666666666666666, 0.6666666666666666, 0.6666666666666666, 0.6666666666666666]","[0.25, 0.25, 0.25, 0.25]",0.0,0.0,0.0,0.0,0.0,0,0,0,2,2,0,1,1.3832992408424616e-05,1.2165997759439051e-05,2.2249994799494743e-05,3.4415992558933794e-05
3,3,"[0.75, 0.75, 0.5, 0.25]","[0.25, 0.25, 0.25, 0.25]",0.0,0.75,1.25,0.75,1.25,0,1,2,3,2,0,2,6.209011189639568e-06,8.54101381264627e-06,3.500000457279384e-05,4.354101838544011e-05
4,4,"[0.8, 0.8, 0.6, 0.6]","[0.25, 0.25, 0.25, 0.25]",0.0,0.8,1.4,0.8,1.4,0,1,2,4,3,0,6,9.625000529922545e-06,1.2834003427997231e-05,5.658400186803192e-05,6.941800529602915e-05
5,5,"[0.6666666666666666, 0.5, 0.5, 0.3333333333333333]","[0.25, 0.25, 0.25, 0.25]",0.0,1.5,1.5,1.5,1.5,0,2,2,4,4,1,6,1.1083000572398305e-05,2.7959002181887627e-05,5.0457994802854955e-05,7.841699698474258e-05
6,6,"[0.5714285714285714, 0.5714285714285714, 0.2857142857142857, 0.14285714285714285]","[0.25, 0.25, 0.25, 0.25]",0.5714285714285714,2.571428571428571,2.571428571428571,1.9999999999999998,1.9999999999999998,1,4,4,3,3,3,11,1.562500256113708e-05,6.649999704677612e-05,3.6083991290070117e-05,0.00010258398833684623
7,7,"[0.625, 0.625, 0.625, 0.5]","[0.25, 0.25, 0.25, 0.25]",0.0,2.75,2.75,2.75,2.75,0,4,4,4,4,3,20,1.95419997908175e-05,8.679101301822811e-05,7.379200542345643e-05,0.00016058301844168454
8,8,"[0.6666666666666666, 0.5555555555555556, 0.5555555555555556, 0.4444444444444444]","[0.25, 0.25, 0.25, 0.25]",0.4444444444444444,3.333333333333333,3.6666666666666665,2.8888888888888884,3.2222222222222223,1,5,6,5,3,3,27,2.433398913126439e-05,0.00011087500024586916,9.679098729975522e-05,0.00020766598754562438
9,9,"[0.6, 0.6, 0.5, 0.2]","[0.25, 0.25, 0.25, 0.25]",0.1,3.5000000000000004,3.9000000000000004,3.4000000000000004,3.8000000000000003,1,5,6,6,4,3,30,2.9834001907147467e-05,0.00013624998973682523,0.00013604199921246618,0.0002722919889492914
10,10,"[0.6363636363636364, 0.6363636363636364, 0.5454545454545454, 0.2727272727272727]","[0.25, 0.25, 0.25, 0.25]",0.0,3.6363636363636362,4.090909090909091,3.6363636363636362,4.090909090909091,0,5,6,7,5,3,39,3.3791991882026196e-05,0.0001610000035725534,0.00018179199832957238,0.0003427920019021258
11,10,"[0.5833333333333334, 0.5833333333333334, 0.25, 0.25]","[0.25, 0.25, 0.25, 0.25]",1.1666666666666667,5.0,5.0,3.833333333333333,3.833333333333333,3,8,8,4,4,7,41,3.9582999306730926e-05,0.0003214169992133975,6.954200216569006e-05,0.00039095900137908757
12,10,"[0.5384615384615384, 0.5384615384615384, 0.38461538461538464, 0.23076923076923078]","[0.25, 0.25, 0.25, 0.25]",1.076923076923077,5.538461538461539,5.76923076923077,4.461538461538462,4.692307692307693,3,9,10,5,3,7,48,4.720801371149719e-05,0.00039087500772438943,0.000113290996523574,0.0005041660042479634
13,10,"[0.5714285714285714, 0.5714285714285714, 0.5714285714285714, 0.42857142857142855]","[0.25, 0.25, 0.25, 0.25]",0.7142857142857142,5.0,6.071428571428571,4.285714285714286,5.357142857142857,2,7,10,10,4,3,67,5.358300404623151e-05,0.00026658299611881375,0.0004143750120420009,0.0006809580081608146
14,10,"[0.5333333333333333, 0.5333333333333333, 0.4666666666666667, 0.13333333333333333]","[0.25, 0.25, 0.25, 0.25]",1.7333333333333332,6.8,6.8,5.066666666666666,5.066666666666666,5,12,12,3,3,11,70,6.166700040921569e-05,0.0006739590025972575,5.245799547992647e-05,0.000726416998077184
15,10,"[0.5625, 0.5625, 0.5625, 0.25]","[0.25, 0.25, 0.25, 0.25]",1.5625,6.875,7.125,5.3125,5.5625,5,11,12,6,4,9,82,7.300000288523734e-05,0.0007186670118244365,0.00016916599997784942,0.0008878330118022859
16,10,"[0.6470588235294118, 0.6470588235294118, 0.5294117647058824, 0.5294117647058824]","[0.25, 0.25, 0.25, 0.25]",0.0,6.352941176470588,6.764705882352941,6.352941176470588,6.764705882352941,0,9,10,9,7,7,106,8.399999933317304e-05,0.0007217919919639826,0.000378249998902902,0.0011000419908668846
17,10,"[0.6666666666666666, 0.6666666666666666, 0.6666666666666666, 0.5555555555555556]","[0.25, 0.25, 0.25, 0.25]",0.0,6.5,6.944444444444445,6.5,6.944444444444445,0,9,10,10,8,7,121,8.62079905346036e-05,0.0008020419918466359,0.0004538329958450049,0.0012558749876916409
18,10,"[0.7368421052631579, 0.631578947368421, 0.631578947368421, 0.5263157894736842]","[0.25, 0.25, 0.25, 0.25]",0.0,7.105263157894736,7.526315789473683,7.105263157894736,7.526315789473683,0,10,11,11,9,7,133,9.691699233371764e-05,0.0008916670049075037,0.0005705420044250786,0.0014622090093325824
19,10,"[0.55, 0.55, 0.55, 0.35]","[0.25, 0.25, 0.25, 0.25]",1.1,9.2,9.2,8.1,8.1,2,16,16,4,4,15,163,0.00010558300709817559,0.0016021250048652291,8.866599819157273e-05,0.0016907910030568019
20,10,"[0.5714285714285714, 0.5714285714285714, 0.5714285714285714, 0.42857142857142855]","[0.25, 0.25, 0.25, 0.25]",1.0952380952380951,9.000000000000002,9.523809523809526,7.904761904761907,8.42857142857143,3,14,16,9,5,11,171,0.00011783299851231277,0.0015331670001614839,0.0004073330055689439,0.0019405000057304278
21,10,"[0.6363636363636364, 0.5454545454545454, 0.5454545454545454, 0.5454545454545454]","[0.25, 0.25, 0.25, 0.25]",0.0,8.0,9.227272727272727,8.0,9.227272727272727,0,11,14,14,8,7,192,0.00012937501014675945,0.0012264170072739944,0.0010162499966099858,0.00224266700388398
22,10,"[0.6521739130434783, 0.5652173913043478, 0.5652173913043478, 0.5652173913043478]","[0.25, 0.25, 0.25, 0.25]",0.0,8.130434782608695,9.434782608695652,8.130434782608695,9.434782608695652,0,11,14,15,9,7,211,0.00014641699090134352,0.00134770899603609,0.00120058300672099,0.00254829200275708
23,10,"[0.6666666666666666, 0.6666666666666666, 0.6666666666666666, 0.5416666666666666]","[0.25, 0.25, 0.25, 0.25]",0.0,9.208333333333334,9.625,9.208333333333334,9.625,0,13,14,12,10,11,229,0.00015337498916778713,0.0020868749998044223,0.0007793340046191588,0.002866209004423581
24,10,"[0.76, 0.76, 0.76, 0.56]","[0.25, 0.25, 0.25, 0.25]",0.0,7.799999999999998,7.799999999999998,7.799999999999998,7.799999999999998,0,10,10,15,15,9,233,0.00016429199604317546,0.0019149170111631975,0.0011494580103317276,0.003064375021494925
25,10,"[0.6538461538461539, 0.6538461538461539, 0.5384615384615384, 0.5384615384615384]","[0.25, 0.25, 0.25, 0.25]",0.0,9.961538461538462,10.76923076923077,9.961538461538462,10.76923076923077,0,14,16,14,10,11,267,0.0001767089997883886,0.0024027080071391538,0.001096708991099149,0.0034994169982383028
26,10,"[0.6666666666666666, 0.5555555555555556, 0.5555555555555556, 0.5555555555555556]","[0.25, 0.25, 0.25, 0.25]",0.0,10.11111111111111,10.962962962962962,10.11111111111111,10.962962962962962,0,14,16,15,11,11,307,0.00019387499196454883,0.0026624590100254864,0.0012906250049127266,0.003953084014938213
27,10,"[0.8571428571428571, 0.5357142857142857, 0.5357142857142857, 0.5357142857142857]","[0.25, 0.25, 0.25, 0.25]",0.0,9.214285714285715,13.285714285714286,9.214285714285715,13.285714285714286,0,12,24,27,4,0,342,0.00021933398966211826,0.000291000003926456,0.004687374996137805,0.004978375000064261
28,10,"[0.6551724137931034, 0.6551724137931034, 0.6551724137931034, 0.5517241379310345]","[0.25, 0.25, 0.25, 0.25]",0.0,10.862068965517242,12.10344827586207,10.862068965517242,12.10344827586207,0,15,18,17,11,11,350,0.00022370798978954554,0.003150959004415199,0.0017489589954493567,0.004899917999864556
29,10,"[0.6666666666666666, 0.5666666666666667, 0.5666666666666667, 0.5666666666666667]","[0.25, 0.25, 0.25, 0.25]",0.0,10.999999999999998,12.299999999999999,10.999999999999998,12.299999999999999,0,15,18,18,12,11,360,0.0002413749898551032,0.0033379999949829653,0.002002624998567626,0.005340624993550591
30,10,"[0.6451612903225806, 0.5483870967741935, 0.5483870967741935, 0.3548387096774194]","[0.25, 0.25, 0.25, 0.25]",2.161290322580645,12.870967741935484,13.225806451612904,10.70967741935484,11.06451612903226,6,19,20,13,11,17,361,0.00025925000954885036,0.00489858299260959,0.0010002089984482154,0.005898791991057806
31,10,"[0.65625, 0.65625, 0.65625, 0.5625]","[0.25, 0.25, 0.25, 0.25]",0.0,11.75,13.4375,11.75,13.4375,0,16,20,20,12,11,414,0.00031925000075716525,0.004160583004704677,0.002790833998005837,0.006951417002710514
32,10,"[0.5454545454545454, 0.5454545454545454, 0.5454545454545454, 0.12121212121212122]","[0.25, 0.25, 0.25, 0.25]",1.9393939393939394,15.696969696969699,15.696969696969699,13.75757575757576,13.75757575757576,4,28,28,5,5,27,442,0.000320875013130717,0.00789116600935813,0.000188209000043571,0.008079375009401701
33,10,"[0.6470588235294118, 0.6470588235294118, 0.5588235294117647, 0.5588235294117647]","[0.25, 0.25, 0.25, 0.25]",0.0,12.499999999999996,14.558823529411763,12.499999999999996,14.558823529411763,0,17,22,22,12,11,480,0.000304583998513408,0.004362959007266909,0.0033046659955289215,0.00766762500279583
34,10,"[0.6571428571428571, 0.5428571428571428, 0.5428571428571428, 0.34285714285714286]","[0.25, 0.25, 0.25, 0.25]",1.657142857142857,14.771428571428569,14.771428571428569,13.114285714285712,13.114285714285712,6,22,22,13,13,21,469,0.00032679100695531815,0.007420583002385683,0.000991875000181608,0.008412458002567291
35,10,"[0.5555555555555556, 0.5555555555555556, 0.5555555555555556, 0.1388888888888889]","[0.25, 0.25, 0.25, 0.25]",2.611111111111111,17.083333333333332,17.083333333333332,14.472222222222221,14.472222222222221,7,30,30,6,6,29,472,0.0003617920010583475,0.009772624995093793,0.0002538330008974299,0.010026457995991223
36,10,"[0.7567567567567568, 0.7567567567567568, 0.7567567567567568, 0.5405405405405406]","[0.25, 0.25, 0.25, 0.25]",0.0,12.324324324324323,12.324324324324323,12.324324324324323,12.324324324324323,0,16,16,21,21,15,530,0.0003623340016929433,0.006695416988804936,0.0029022499948041514,0.009597666983609088
37,10,"[0.6578947368421053, 0.6578947368421053, 0.6578947368421053, 0.34210526315789475]","[0.25, 0.25, 0.25, 0.25]",1.5789473684210527,16.10526315789474,16.10526315789474,14.526315789473687,14.526315789473687,6,24,24,14,14,23,584,0.0004175000067334622,0.01029408400063403,0.0012588339886860922,0.011552917989320122
38,10,"[0.6666666666666666, 0.5641025641025641, 0.5641025641025641, 0.5641025641025641]","[0.25, 0.25, 0.25, 0.25]",0.0,14.61538461538461,16.307692307692303,14.61538461538461,16.307692307692303,0,20,24,23,15,15,647,0.00043208299030084163,0.008285332995001227,0.0038733749970560893,0.012158707992057316
39,10,"[0.55, 0.55, 0.55, 0.35]","[0.25, 0.25, 0.25, 0.25]",3.3249999999999997,18.974999999999998,19.124999999999996,15.649999999999999,15.799999999999997,7,33,34,8,6,31,674,0.00042095901153516024,0.012623957998584956,0.00047362499753944576,0.013097582996124402
40,10,"[0.6585365853658537, 0.6585365853658537, 0.6585365853658537, 0.5609756097560976]","[0.25, 0.25, 0.25, 0.25]",0.0,15.365853658536587,17.439024390243905,15.365853658536587,17.439024390243905,0,21,26,25,15,15,708,0.0004460829950403422,0.008390707997023128,0.004784583012224175,0.013175291009247303
41,10,"[0.5476190476190477, 0.5476190476190477, 0.5476190476190477, 0.23809523809523808]","[0.25, 0.25, 0.25, 0.25]",2.8571428571428577,19.190476190476183,20.142857142857135,16.333333333333325,17.285714285714278,7,31,36,16,6,25,708,0.0004624169960152358,0.012867292010923848,0.0019320830033393577,0.014799375014263205
42,10,"[0.6511627906976745, 0.6511627906976745, 0.5581395348837209, 0.3488372093023256]","[0.25, 0.25, 0.25, 0.25]",2.3255813953488373,18.209302325581387,18.55813953488371,15.883720930232549,16.232558139534873,4,27,28,17,15,25,765,0.0004837080050492659,0.01355058400076814,0.0020512909977696836,0.015601874998537824
43,10,"[0.6590909090909091, 0.5454545454545454, 0.5454545454545454, 0.5454545454545454]","[0.25, 0.25, 0.25, 0.25]",0.0,17.18181818181818,18.772727272727273,17.18181818181818,18.772727272727273,0,24,28,24,16,19,817,0.0005105409945826977,0.011686292011290789,0.0045815000048605725,0.01626779201615136
44,10,"[0.5555555555555556, 0.5555555555555556, 0.5555555555555556, 0.24444444444444444]","[0.25, 0.25, 0.25, 0.25]",3.155555555555555,20.533333333333314,21.53333333333331,17.37777777777776,18.377777777777755,5,33,38,17,7,27,868,0.0005284170038066804,0.01605266600381583,0.002323000007891096,0.018375666011706926
45,10,"[0.7608695652173914, 0.7608695652173914, 0.7608695652173914, 0.6521739130434783]","[0.25, 0.25, 0.25, 0.25]",0.0,15.434782608695654,15.434782608695654,15.434782608695654,15.434782608695654,0,20,20,26,26,19,926,0.0005534159863600507,0.012893999999505468,0.0051907919987570494,0.018084791998262517
46,10,"[0.5531914893617021, 0.5531914893617021, 0.5531914893617021, 0.1276595744680851]","[0.25, 0.25, 0.25, 0.25]",4.276595744680851,22.553191489361705,22.553191489361705,18.276595744680854,18.276595744680854,9,40,40,7,7,39,873,0.0005833750037709251,0.02132754199556075,0.0003794999938691035,0.021707041989429854
47,10,"[0.6666666666666666, 0.6666666666666666, 0.6666666666666666, 0.5625]","[0.25, 0.25, 0.25, 0.25]",0.0,18.229166666666668,20.3125,18.229166666666668,20.3125,0,25,30,28,18,19,1031,0.0006344170105876401,0.01467529199726414,0.0068401250027818605,0.021515417000046
48,10,"[0.6530612244897959, 0.6530612244897959, 0.6530612244897959, 0.5510204081632653]","[0.25, 0.25, 0.25, 0.25]",0.0,18.83673469387755,21.224489795918366,18.83673469387755,21.224489795918366,0,26,32,29,17,19,1030,0.0006307500007096678,0.014713917000335641,0.007444167000357993,0.022158084000693634
49,10,"[0.66, 0.56, 0.56, 0.56]","[0.25, 0.25, 0.25, 0.25]",0.0,18.979999999999997,21.439999999999998,18.979999999999997,21.439999999999998,0,26,32,30,18,19,1131,0.0006566669908352196,0.015682708006352186,0.008114917000057176,0.023797625006409362
50,10,"[0.6666666666666666, 0.6666666666666666, 0.6666666666666666, 0.5490196078431373]","[0.25, 0.25, 0.25, 0.25]",0.0,20.03921568627451,21.647058823529406,20.03921568627451,21.647058823529406,0,28,32,27,19,23,1115,0.0006803750002291054,0.018987000003107823,0.006463040990638547,0.02545004099374637
51,10,"[0.6538461538461539, 0.5576923076923077, 0.5576923076923077, 0.5576923076923077]","[0.25, 0.25, 0.25, 0.25]",0.0,19.73076923076923,22.557692307692307,19.73076923076923,22.557692307692307,0,27,34,32,18,19,1199,0.000711583998054266,0.017008082999382168,0.009634749992983416,0.026642832992365584
52,10,"[0.660377358490566, 0.660377358490566, 0.5471698113207547, 0.4528301886792453]","[0.25, 0.25, 0.25, 0.25]",4.471698113207547,22.41509433962264,22.77358490566038,17.943396226415093,18.30188679245283,9,33,34,21,19,31,1101,0.0007443329959642142,0.024762834000284784,0.0036478749971138313,0.028410708997398615
53,10,"[0.5555555555555556, 0.5555555555555556, 0.5555555555555556, 0.24074074074074073]","[0.25, 0.25, 0.25, 0.25]",3.6481481481481484,24.814814814814813,25.98148148148148,21.166666666666664,22.333333333333332,10,40,46,20,8,33,1193,0.0007715829997323453,0.02753362500516232,0.0036881249980069697,0.03122175000316929
54,10,"[0.5454545454545454, 0.5454545454545454, 0.5454545454545454, 0.12727272727272726]","[0.25, 0.25, 0.25, 0.25]",4.254545454545455,26.49090909090909,26.618181818181817,22.236363636363635,22.363636363636363,10,47,48,9,7,45,1169,0.0009489999938523397,0.03397770800802391,0.0007437919994117692,0.03472150000743568
55,10,"[0.6607142857142857, 0.5535714285714286, 0.5535714285714286, 0.3392857142857143]","[0.25, 0.25, 0.25, 0.25]",4.678571428571428,24.107142857142858,24.107142857142858,19.42857142857143,19.42857142857143,12,36,36,20,20,35,1166,0.000832709003589116,0.030799000000115484,0.0032031250011641532,0.03400212500127964
56,10,"[0.7719298245614035, 0.7719298245614035, 0.7719298245614035, 0.5614035087719298]","[0.25, 0.25, 0.25, 0.25]",0.0,18.736842105263154,18.736842105263154,18.736842105263154,18.736842105263154,0,24,24,33,33,23,1276,0.0008926669979700819,0.024485375004587695,0.009907249987008981,0.034392624991596676
57,10,"[0.6551724137931034, 0.6551724137931034, 0.5517241379310345, 0.5517241379310345]","[0.25, 0.25, 0.25, 0.25]",0.0,22.448275862068964,25.224137931034484,22.448275862068964,25.224137931034484,0,31,38,34,20,23,1443,0.0008955829980550334,0.025369374998263083,0.011658041999908164,0.03702741699817125
58,10,"[0.6610169491525424, 0.559322033898305, 0.559322033898305, 0.559322033898305]","[0.25, 0.25, 0.25, 0.25]",0.0,22.593220338983052,25.4406779661017,22.593220338983052,25.4406779661017,0,31,38,35,21,23,1497,0.0009786670125322416,0.027462917001685128,0.013079583004582673,0.0405425000062678
59,10,"[0.7666666666666667, 0.7666666666666667, 0.7666666666666667, 0.55]","[0.25, 0.25, 0.25, 0.25]",0.0,20.15,20.15,20.15,20.15,0,26,26,34,34,25,1482,0.0009517500002402812,0.029068291012663394,0.010805958998389542,0.039874250011052936
60,10,"[0.6557377049180327, 0.6557377049180327, 0.6557377049180327, 0.5573770491803278]","[0.25, 0.25, 0.25, 0.25]",0.0,23.344262295081965,26.557377049180324,23.344262295081965,26.557377049180324,0,32,40,37,21,23,1608,0.0010752079979283735,0.028657458009547554,0.014412666991120204,0.04307012500066776
61,10,"[0.6612903225806451, 0.6612903225806451, 0.5483870967741935, 0.5483870967741935]","[0.25, 0.25, 0.25, 0.25]",0.0,24.403225806451612,26.774193548387093,24.403225806451612,26.774193548387093,0,34,40,34,22,27,1631,0.0010611250036163256,0.033541249998961575,0.012241125004948117,0.04578237500390969
62,10,"[0.7619047619047619, 0.7619047619047619, 0.7619047619047619, 0.5555555555555556]","[0.25, 0.25, 0.25, 0.25]",0.0,21.00000000000001,21.555555555555568,21.00000000000001,21.555555555555568,0,27,28,37,35,25,1619,0.0014700829924549907,0.032653791990014724,0.013969457999337465,0.04662324998935219
63,10,"[0.65625, 0.65625, 0.546875, 0.546875]","[0.25, 0.25, 0.25, 0.25]",0.0,25.15625,27.890625,25.15625,27.890625,0,35,42,36,22,27,1761,0.0010888749966397882,0.034962249992531724,0.013893250012188219,0.04885550000471994
64,10,"[0.6615384615384615, 0.6615384615384615, 0.5538461538461539, 0.5538461538461539]","[0.25, 0.25, 0.25, 0.25]",0.0,25.307692307692324,28.107692307692314,25.307692307692324,28.107692307692314,0,35,42,37,23,27,1814,0.0012333339982433245,0.03942612500395626,0.015349124994827434,0.05477524999878369
65,10,"[0.6666666666666666, 0.5606060606060606, 0.5606060606060606, 0.4393939393939394]","[0.25, 0.25, 0.25, 0.25]",3.4696969696969697,25.909090909090907,28.318181818181817,22.439393939393938,24.848484848484848,9,36,42,36,24,29,1794,0.0012316669890424237,0.03961104199697729,0.01411170800565742,0.05372275000263471
66,10,"[0.5522388059701493, 0.5522388059701493, 0.5522388059701493, 0.11940298507462686]","[0.25, 0.25, 0.25, 0.25]",5.880597014925373,32.462686567164184,32.462686567164184,26.582089552238813,26.582089552238813,10,58,58,9,9,57,1873,0.0017282920016441494,0.06336441599705722,0.0007695000094827265,0.06413391600653995
67,10,"[0.7647058823529411, 0.7647058823529411, 0.7647058823529411, 0.6617647058823529]","[0.25, 0.25, 0.25, 0.25]",0.0,22.60294117647059,23.161764705882355,22.60294117647059,23.161764705882355,0,29,30,40,38,27,2049,0.0013073750014882535,0.04093645799730439,0.01733349999994971,0.058269957997254096
68,10,"[0.5507246376811594, 0.5507246376811594, 0.5507246376811594, 0.11594202898550725]","[0.25, 0.25, 0.25, 0.25]",5.246376811594203,33.47826086956522,33.47826086956522,28.231884057971016,28.231884057971016,13,60,60,9,9,59,1916,0.0013806670031044632,0.07292424999468494,0.0008362500084331259,0.07376050000311807
69,10,"[0.6571428571428571, 0.6571428571428571, 0.6571428571428571, 0.5571428571428572]","[0.25, 0.25, 0.25, 0.25]",0.0,26.95714285714287,30.557142857142864,26.95714285714287,30.557142857142864,0,37,46,42,24,27,2209,0.0018410420016152784,0.043317333998857066,0.020818916003918275,0.06413625000277534
70,10,"[0.6619718309859155, 0.6619718309859155, 0.6619718309859155, 0.5492957746478874]","[0.25, 0.25, 0.25, 0.25]",0.0,28.014084507042256,30.774647887323944,28.014084507042256,30.774647887323944,0,39,46,39,25,31,2247,0.0015307500143535435,0.052198082994436845,0.018816083000274375,0.07101416599471122
71,10,"[0.5555555555555556, 0.5555555555555556, 0.5555555555555556, 0.2361111111111111]","[0.25, 0.25, 0.25, 0.25]",8.73611111111111,33.37499999999999,34.87499999999999,24.638888888888882,26.138888888888882,19,54,62,26,10,45,1949,0.0014520419936161488,0.06730920801055618,0.007955500012030825,0.075264708022587
72,10,"[0.7671232876712328, 0.7671232876712328, 0.7671232876712328, 0.6575342465753424]","[0.25, 0.25, 0.25, 0.25]",0.0,24.767123287671232,24.767123287671232,24.767123287671232,24.767123287671232,0,32,32,41,41,31,2452,0.001589332998264581,0.054739083017921075,0.018702916975598782,0.07344199999351986
73,10,"[0.6621621621621622, 0.6621621621621622, 0.5540540540540541, 0.5540540540540541]","[0.25, 0.25, 0.25, 0.25]",0.0,28.91891891891892,32.10810810810811,28.91891891891892,32.10810810810811,0,40,48,42,26,31,2365,0.0017885830020532012,0.05390845800866373,0.02169145899824798,0.07559991700691171
74,10,"[0.6666666666666666, 0.6666666666666666, 0.6666666666666666, 0.56]","[0.25, 0.25, 0.25, 0.25]",0.0,29.066666666666666,32.32,29.066666666666666,32.32,0,40,48,43,27,31,2489,0.0020566250022966415,0.05752500001108274,0.022794042015448213,0.08031904202653095
75,10,"[0.5526315789473685, 0.5526315789473685, 0.5526315789473685, 0.34210526315789475]","[0.25, 0.25, 0.25, 0.25]",7.0394736842105265,36.776315789473685,36.9078947368421,29.736842105263158,29.868421052631575,14,65,66,12,10,63,2426,0.0015682909870520234,0.09071320801740512,0.0015845420130062848,0.09229775003041141
76,10,"[0.6623376623376623, 0.6623376623376623, 0.5584415584415584, 0.5584415584415584]","[0.25, 0.25, 0.25, 0.25]",0.0,29.81818181818182,33.44155844155844,29.81818181818182,33.44155844155844,0,41,50,45,27,31,2574,0.0016477500030305237,0.06325308300438337,0.02659208298427984,0.08984516598866321
77,10,"[0.6666666666666666, 0.6666666666666666, 0.5512820512820513, 0.5512820512820513]","[0.25, 0.25, 0.25, 0.25]",0.0,30.871794871794883,33.65384615384616,30.871794871794883,33.65384615384616,0,43,50,42,28,35,2626,0.002144333004252985,0.07231583399698138,0.02227675000904128,0.09459258400602266
78,10,"[0.6582278481012658, 0.6582278481012658, 0.5569620253164557, 0.5569620253164557]","[0.25, 0.25, 0.25, 0.25]",0.0,30.569620253164558,34.55696202531645,30.569620253164558,34.55696202531645,0,42,52,47,27,31,2723,0.002287167008034885,0.06388424997567199,0.029046916984952986,0.09293116696062498
79,10,"[0.55, 0.55, 0.55, 0.3375]","[0.25, 0.25, 0.25, 0.25]",9.7875,38.8125,38.9375,29.025,29.15,17,69,70,12,10,67,2716,0.002543374983360991,0.11044050002237782,0.0016426660004071891,0.11208316602278501
80,10,"[0.6666666666666666, 0.5555555555555556, 0.5555555555555556, 0.5555555555555556]","[0.25, 0.25, 0.25, 0.25]",0.0,31.77777777777778,34.98765432098766,31.77777777777778,34.98765432098766,0,44,52,45,29,35,2938,0.0022945829841773957,0.07862966597895138,0.027142750011989847,0.10577241599094123
81,10,"[0.6585365853658537, 0.6585365853658537, 0.6585365853658537, 0.5487804878048781]","[0.25, 0.25, 0.25, 0.25]",0.0,32.37804878048781,35.89024390243903,32.37804878048781,35.89024390243903,0,45,54,46,28,35,3014,0.002151749999029562,0.07934433297486976,0.02865983298397623,0.10800416595884599
82,10,"[0.6626506024096386, 0.6626506024096386, 0.5542168674698795, 0.3373493975903614]","[0.25, 0.25, 0.25, 0.25]",5.975903614457831,36.10843373493976,36.10843373493976,30.132530120481928,30.132530120481928,13,54,54,29,29,53,2676,0.002037166996160522,0.10666562500409782,0.009206500020809472,0.11587212502490729
83,10,"[0.7738095238095238, 0.7738095238095238, 0.6666666666666666, 0.5595238095238095]","[0.25, 0.25, 0.25, 0.25]",0.0,28.071428571428573,28.071428571428573,28.071428571428573,28.071428571428573,0,36,36,48,48,35,2843,0.0023082080006133765,0.07962245898670517,0.028416500019375235,0.1080389590060804
84,10,"[0.5529411764705883, 0.5529411764705883, 0.5529411764705883, 0.2235294117647059]","[0.25, 0.25, 0.25, 0.25]",5.011764705882353,39.764705882352985,41.352941176470644,34.75294117647063,36.341176470588294,13,65,74,29,11,55,3082,0.0020678340224549174,0.11775495900656097,0.010913875012192875,0.12866883401875384
85,10,"[0.6627906976744186, 0.6627906976744186, 0.6627906976744186, 0.5581395348837209]","[0.25, 0.25, 0.25, 0.25]",0.0,33.43023255813953,37.44186046511628,33.43023255813953,37.44186046511628,0,46,56,50,30,35,3381,0.0024672500148881227,0.08744412497617304,0.03508629201678559,0.12253041699295864
86,10,"[0.7701149425287356, 0.7701149425287356, 0.6666666666666666, 0.5517241379310345]","[0.25, 0.25, 0.25, 0.25]",0.0,29.48275862068965,29.48275862068965,29.48275862068965,29.48275862068965,0,38,38,49,49,37,3024,0.0026567080058157444,0.09784241698798724,0.0320504579867702,0.12989287497475743
87,10,"[0.5568181818181818, 0.5568181818181818, 0.5568181818181818, 0.3409090909090909]","[0.25, 0.25, 0.25, 0.25]",12.65909090909091,42.75,42.75,30.09090909090909,30.09090909090909,27,76,76,12,12,75,3216,0.0022350420185830444,0.14420879201497883,0.001589749997947365,0.1457985420129262
88,10,"[0.550561797752809, 0.550561797752809, 0.550561797752809, 0.2247191011235955]","[0.25, 0.25, 0.25, 0.25]",10.337078651685392,41.64044943820225,43.38202247191012,31.30337078651686,33.04494382022473,25,68,78,31,11,57,3025,0.0023097500088624656,0.13106987500214018,0.013195209001423791,0.14426508400356397
89,10,"[0.6666666666666666, 0.6666666666666666, 0.6666666666666666, 0.5555555555555556]","[0.25, 0.25, 0.25, 0.25]",0.0,35.3888888888889,38.988888888888894,35.3888888888889,38.988888888888894,0,49,58,50,32,39,3650,0.00242175001767464,0.10584254199056886,0.03638566599693149,0.14222820798750035
90,10,"[0.5494505494505495, 0.5494505494505495, 0.5494505494505495, 0.12087912087912088]","[0.25, 0.25, 0.25, 0.25]",10.043956043956042,44.27472527472533,44.39560439560445,34.23076923076928,34.35164835164841,21,79,80,13,11,77,3274,0.002970375004224479,0.1651247089903336,0.00214920801226981,0.1672739170026034
91,10,"[0.6630434782608695, 0.6630434782608695, 0.5543478260869565, 0.5543478260869565]","[0.25, 0.25, 0.25, 0.25]",0.0,36.141304347826086,40.10869565217391,36.141304347826086,40.10869565217391,0,50,60,52,32,39,3678,0.0024738330102991313,0.11293758300598711,0.04177416698075831,0.15471174998674542
92,10,"[0.6666666666666666, 0.6666666666666666, 0.6666666666666666, 0.5591397849462365]","[0.25, 0.25, 0.25, 0.25]",0.0,36.29032258064515,40.32258064516128,36.29032258064515,40.32258064516128,0,50,60,53,33,39,3844,0.0027112500101793557,0.11650333300349303,0.043056624999735504,0.15955995800322853
93,10,"[0.6595744680851063, 0.6595744680851063, 0.6595744680851063, 0.5531914893617021]","[0.25, 0.25, 0.25, 0.25]",0.0,31.840425531914896,41.22340425531917,31.840425531914896,41.22340425531917,0,41,62,74,32,19,4003,0.0027971249946858734,0.06418083401513286,0.09443862500484101,0.15861945901997387
94,10,"[0.6631578947368421, 0.6631578947368421, 0.5578947368421052, 0.5578947368421052]","[0.25, 0.25, 0.25, 0.25]",0.0,37.04210526315789,41.44210526315789,37.04210526315789,41.44210526315789,0,51,62,55,33,39,3951,0.0026514999917708337,0.1200005830032751,0.047649625019403175,0.16765020802267827
95,10,"[0.5520833333333334, 0.5520833333333334, 0.5520833333333334, 0.11458333333333333]","[0.25, 0.25, 0.25, 0.25]",8.375000000000002,46.8125,46.8125,38.4375,38.4375,21,84,84,12,12,83,3667,0.002820124995196238,0.2044192920147907,0.0017964580038096756,0.20621575001860037
96,10,"[0.6597938144329897, 0.5567010309278351, 0.5567010309278351, 0.5567010309278351]","[0.25, 0.25, 0.25, 0.25]",0.0,37.79381443298972,42.55670103092787,37.79381443298972,42.55670103092787,0,52,64,57,33,39,4256,0.0029626250034198165,0.1287852919776924,0.052302459022030234,0.18108775099972263
97,10,"[0.6632653061224489, 0.6632653061224489, 0.5510204081632653, 0.5510204081632653]","[0.25, 0.25, 0.25, 0.25]",0.0,38.8469387755102,42.77551020408163,38.8469387755102,42.77551020408163,0,54,64,54,34,43,4165,0.002785582997603342,0.1389517500065267,0.046452959009911865,0.18540470901643857
98,10,"[0.5555555555555556, 0.5555555555555556, 0.5555555555555556, 0.23232323232323232]","[0.25, 0.25, 0.25, 0.25]",12.727272727272728,46.212121212121225,48.212121212121204,33.4848484848485,35.48484848484848,27,75,86,35,13,63,3937,0.0029045839910395443,0.1898125000006985,0.019411709014093503,0.209224209014792
99,10,"[0.55, 0.55, 0.55, 0.34]","[0.25, 0.25, 0.25, 0.25]",7.940000000000001,43.55,48.839999999999996,35.61,40.89999999999999,18,65,88,58,12,41,4318,0.0035012500011362135,0.1771420000004582,0.07037341699469835,0.24751541699515656
100,10,"[0.5544554455445545, 0.5544554455445545, 0.5544554455445545, 0.22772277227722773]","[0.25, 0.25, 0.25, 0.25]",8.653465346534654,47.267326732673276,49.22772277227723,38.61386138613862,40.57425742574258,18,77,88,35,13,65,4296,0.003530499991029501,0.22186808398691937,0.02068600000347942,0.2425540839903988
101,10,"[0.6666666666666666, 0.5588235294117647, 0.5588235294117647, 0.5588235294117647]","[0.25, 0.25, 0.25, 0.25]",0.0,39.90196078431374,44.32352941176471,39.90196078431374,44.32352941176471,0,55,66,58,36,43,4636,0.0032519170199520886,0.15559629202471115,0.05676983401644975,0.2123661260411609
102,10,"[0.6601941747572816, 0.5533980582524272, 0.5533980582524272, 0.5533980582524272]","[0.25, 0.25, 0.25, 0.25]",0.0,40.50485436893203,45.22330097087378,40.50485436893203,45.22330097087378,0,56,68,59,35,43,4836,0.003523791005136445,0.18049079200136475,0.06586433300981298,0.24635512501117773
103,10,"[0.6634615384615384, 0.6634615384615384, 0.5576923076923077, 0.5576923076923077]","[0.25, 0.25, 0.25, 0.25]",0.0,40.65384615384616,45.4423076923077,40.65384615384616,45.4423076923077,0,56,68,60,36,43,4739,0.0037130409909877926,0.17890508301206864,0.06801491600344889,0.24691999901551753
104,10,"[0.6666666666666666, 0.6666666666666666, 0.5523809523809524, 0.5523809523809524]","[0.25, 0.25, 0.25, 0.25]",0.0,41.70476190476193,45.65714285714289,41.70476190476193,45.65714285714289,0,58,68,57,37,47,4814,0.0042540830036159605,0.1911380410019774,0.058916250010952353,0.25005429101292975
105,10,"[0.660377358490566, 0.660377358490566, 0.5566037735849056, 0.33962264150943394]","[0.25, 0.25, 0.25, 0.25]",8.537735849056604,46.216981132075475,46.55660377358491,37.67924528301887,38.01886792452831,24,69,70,38,36,67,4389,0.003882958000758663,0.25985745899379253,0.023364666005363688,0.2832221249991562
106,10,"[0.6635514018691588, 0.6635514018691588, 0.5514018691588785, 0.5514018691588785]","[0.25, 0.25, 0.25, 0.25]",0.0,42.45794392523365,46.77570093457945,42.45794392523365,46.77570093457945,0,59,70,59,37,47,5029,0.003996332990936935,0.2082421249942854,0.06531666699447669,0.2735587919887621
107,10,"[0.6666666666666666, 0.6666666666666666, 0.5555555555555556, 0.5555555555555556]","[0.25, 0.25, 0.25, 0.25]",0.0,42.61111111111113,46.99074074074075,42.61111111111113,46.99074074074075,0,59,70,60,38,47,5123,0.004505624994635582,0.20491558298817836,0.06977162501425482,0.2746872080024332
108,10,"[0.7706422018348624, 0.6605504587155964, 0.6605504587155964, 0.5504587155963303]","[0.25, 0.25, 0.25, 0.25]",0.0,37.21100917431193,37.21100917431193,37.21100917431193,37.21100917431193,0,48,48,61,61,47,4854,0.004262000002199784,0.20396154097397812,0.06661941698985174,0.27058095796382986
109,10,"[0.6636363636363637, 0.6636363636363637, 0.6636363636363637, 0.5545454545454546]","[0.25, 0.25, 0.25, 0.25]",0.0,43.36363636363635,48.1090909090909,43.36363636363635,48.1090909090909,0,60,72,62,38,47,5414,0.004401917016366497,0.2151020829915069,0.0737754580040928,0.2888775409955997
110,10,"[0.6666666666666666, 0.6666666666666666, 0.6666666666666666, 0.5585585585585585]","[0.25, 0.25, 0.25, 0.25]",0.0,43.51351351351351,48.32432432432432,43.51351351351351,48.32432432432432,0,60,72,63,39,47,5657,0.004175832989858463,0.217193042015424,0.07626433297991753,0.2934573749953415
111,10,"[0.6607142857142857, 0.6607142857142857, 0.6607142857142857, 0.5535714285714286]","[0.25, 0.25, 0.25, 0.25]",0.0,44.11607142857143,49.223214285714285,44.11607142857143,49.223214285714285,0,61,74,64,38,47,5756,0.004159665986662731,0.2290302919864189,0.08413279199157842,0.3131630839779973
112,10,"[0.5575221238938053, 0.5575221238938053, 0.5575221238938053, 0.336283185840708]","[0.25, 0.25, 0.25, 0.25]",9.743362831858406,49.442477876106196,55.07079646017699,39.69911504424779,45.32743362831859,24,74,98,63,15,49,5420,0.004089791007572785,0.2343319580249954,0.08030183298978955,0.31463379101478495
113,10,"[0.5526315789473685, 0.5526315789473685, 0.5526315789473685, 0.3333333333333333]","[0.25, 0.25, 0.25, 0.25]",16.140350877192983,55.701754385964904,55.701754385964904,39.56140350877192,39.56140350877192,28,100,100,14,14,99,5481,0.004250625002896413,0.3599577919812873,0.0028335420065559447,0.36279133398784325
114,10,"[0.6608695652173913, 0.5565217391304348, 0.5565217391304348, 0.5565217391304348]","[0.25, 0.25, 0.25, 0.25]",0.0,45.01739130434783,50.55652173913044,45.01739130434783,50.55652173913044,0,62,76,67,39,47,5937,0.005495541990967467,0.23898991700843908,0.09029858399298973,0.3292885010014288
115,10,"[0.5517241379310345, 0.5517241379310345, 0.5517241379310345, 0.1206896551724138]","[0.25, 0.25, 0.25, 0.25]",11.103448275862073,56.5948275862069,56.71551724137931,45.491379310344826,45.61206896551724,22,101,102,16,14,99,5554,0.003951333987060934,0.35226945899194106,0.0037281250115484,0.35599758400348946
116,10,"[0.7692307692307693, 0.7692307692307693, 0.7692307692307693, 0.5555555555555556]","[0.25, 0.25, 0.25, 0.25]",0.0,39.666666666666686,40.22222222222224,39.666666666666686,40.22222222222224,0,51,52,67,65,49,5650,0.004069499991601333,0.2320747920020949,0.07852433397783898,0.3105991259799339
117,10,"[0.6610169491525424, 0.6610169491525424, 0.5508474576271186, 0.5508474576271186]","[0.25, 0.25, 0.25, 0.25]",0.0,46.82203389830508,51.889830508474574,46.82203389830508,51.889830508474574,0,65,78,66,40,51,6107,0.004062207997776568,0.2400773749977816,0.08184116700431332,0.3219185420020949
118,10,"[0.5546218487394958, 0.5546218487394958, 0.5546218487394958, 0.33613445378151263]","[0.25, 0.25, 0.25, 0.25]",15.058823529411761,58.11764705882358,58.11764705882358,43.05882352941182,43.05882352941182,27,104,104,15,15,103,6057,0.004317999992053956,0.3814019169949461,0.003198499995050952,0.38460041698999703
119,10,"[0.5583333333333333, 0.5583333333333333, 0.5583333333333333, 0.225]","[0.25, 0.25, 0.25, 0.25]",15.341666666666661,56.34999999999999,58.499999999999986,41.008333333333326,43.158333333333324,30,92,104,40,16,79,5810,0.004240500013111159,0.35345279099419713,0.028845749999163672,0.3822985409933608
120,10,"[0.5537190082644629, 0.5537190082644629, 0.5537190082644629, 0.11570247933884298]","[0.25, 0.25, 0.25, 0.25]",17.487603305785125,59.132231404958674,59.132231404958674,41.644628099173545,41.644628099173545,31,106,106,15,15,105,5783,0.0047416250163223594,0.43572845798917115,0.0036579160077963024,0.43938637399696745
121,10,"[0.7704918032786885, 0.7704918032786885, 0.7704918032786885, 0.6639344262295082]","[0.25, 0.25, 0.25, 0.25]",0.0,41.27049180327869,41.82786885245901,41.27049180327869,41.82786885245901,0,53,54,70,68,51,6636,0.006300916022155434,0.3130542920262087,0.09817166699212976,0.41122595901833847
122,10,"[0.6666666666666666, 0.6666666666666666, 0.5528455284552846, 0.5528455284552846]","[0.25, 0.25, 0.25, 0.25]",0.0,48.926829268292664,53.65853658536584,48.926829268292664,53.65853658536584,0,68,80,67,43,55,6627,0.004503709002165124,0.2831667909922544,0.08655195901519619,0.3697187500074506
123,10,"[0.7741935483870968, 0.7741935483870968, 0.7741935483870968, 0.5564516129032258]","[0.25, 0.25, 0.25, 0.25]",0.0,42.0241935483871,42.0241935483871,42.0241935483871,42.0241935483871,0,54,54,70,70,53,6493,0.004479833005461842,0.28568558298866265,0.08819350000703707,0.3738790829956997
124,10,"[0.552, 0.552, 0.552, 0.12]","[0.25, 0.25, 0.25, 0.25]",16.151999999999997,61.040000000000006,61.160000000000004,44.888000000000005,45.00800000000001,33,109,110,17,15,107,6144,0.0050080830114893615,0.43781233398476616,0.004434542002854869,0.442246875987621
125,10,"[0.5555555555555556, 0.5555555555555556, 0.5555555555555556, 0.11904761904761904]","[0.25, 0.25, 0.25, 0.25]",16.25396825396826,61.54761904761905,61.54761904761905,45.29365079365079,45.29365079365079,31,110,110,16,16,109,6243,0.0047010830021463335,0.4521487499878276,0.003677957982290536,0.45582670797011815
126,10,"[0.6614173228346457, 0.6614173228346457, 0.5511811023622047, 0.5511811023622047]","[0.25, 0.25, 0.25, 0.25]",0.0,50.43307086614172,55.88976377952755,50.43307086614172,55.88976377952755,0,70,84,71,43,55,7143,0.004961457976605743,0.3132940420182422,0.10117745900060982,0.414471501018852
127,10,"[0.5546875, 0.5546875, 0.5546875, 0.1171875]","[0.25, 0.25, 0.25, 0.25]",15.84375,62.5625,62.5625,46.71875,46.71875,30,112,112,16,16,111,6559,0.0051195409905631095,0.4893643750110641,0.0037417499988805503,0.49310612500994466
128,10,"[0.6666666666666666, 0.6666666666666666, 0.6666666666666666, 0.5581395348837209]","[0.25, 0.25, 0.25, 0.25]",0.0,50.73643410852715,56.32558139534885,50.73643410852715,56.32558139534885,0,70,84,73,45,55,7450,0.004921959014609456,0.33527583300019614,0.10995637500309385,0.44523220800329
129,10,"[0.6615384615384615, 0.5538461538461539, 0.5538461538461539, 0.5538461538461539]","[0.25, 0.25, 0.25, 0.25]",0.0,51.338461538461544,57.223076923076924,51.338461538461544,57.223076923076924,0,71,86,74,44,55,7746,0.00501187500776723,0.32303154200781137,0.11280045798048377,0.43583199998829514
130,10,"[0.6641221374045801, 0.5572519083969466, 0.5572519083969466, 0.33587786259541985]","[0.25, 0.25, 0.25, 0.25]",11.694656488549619,57.44274809160306,57.44274809160306,45.74809160305344,45.74809160305344,23,86,86,45,45,85,6934,0.005226416978985071,0.435232084011659,0.03160375001607463,0.46683583402773365
131,10,"[0.553030303030303, 0.553030303030303, 0.553030303030303, 0.3333333333333333]","[0.25, 0.25, 0.25, 0.25]",14.15909090909091,64.59090909090908,64.59090909090908,50.43181818181817,50.43181818181817,30,116,116,16,16,115,7561,0.005130959005327895,0.502753707987722,0.0036646249936893582,0.5064183329814114
132,10,"[0.556390977443609, 0.556390977443609, 0.556390977443609, 0.22556390977443608]","[0.25, 0.25, 0.25, 0.25]",12.210526315789473,62.503759398496236,64.97744360902256,50.29323308270676,52.766917293233085,27,102,116,45,17,87,7386,0.005031458014855161,0.46155133299180306,0.038607541006058455,0.5001588739978615
133,10,"[0.5522388059701493, 0.5522388059701493, 0.5522388059701493, 0.3358208955223881]","[0.25, 0.25, 0.25, 0.25]",14.097014925373132,65.48507462686567,65.6044776119403,51.38805970149254,51.507462686567166,29,117,118,18,16,115,7763,0.005137083993759006,0.5262113749922719,0.005033916007960215,0.5312452910002321
134,10,"[0.6666666666666666, 0.6666666666666666, 0.5555555555555556, 0.5555555555555556]","[0.25, 0.25, 0.25, 0.25]",0.0,53.44444444444443,58.99259259259258,53.44444444444443,58.99259259259258,0,74,88,75,47,59,8023,0.005512750009074807,0.3690432500152383,0.11854779199347831,0.4875910420087166
135,10,"[0.7720588235294118, 0.7720588235294118, 0.6617647058823529, 0.6617647058823529]","[0.25, 0.25, 0.25, 0.25]",0.0,46.54411764705881,46.54411764705881,46.54411764705881,46.54411764705881,0,60,60,76,76,59,8143,0.005463959008920938,0.3612665830005426,0.10879854101222008,0.4700651240127627
136,10,"[0.6642335766423357, 0.6642335766423357, 0.5547445255474452, 0.5547445255474452]","[0.25, 0.25, 0.25, 0.25]",0.0,54.197080291970806,60.10948905109489,54.197080291970806,60.10948905109489,0,75,90,77,47,59,8315,0.005423583002993837,0.3669050000025891,0.12404416699428111,0.4909491669968702
137,10,"[0.6666666666666666, 0.6666666666666666, 0.5579710144927537, 0.5579710144927537]","[0.25, 0.25, 0.25, 0.25]",0.0,54.34782608695652,60.326086956521735,54.34782608695652,60.326086956521735,0,75,90,78,48,59,8395,0.005526875000214204,0.37225079198833555,0.12800683299428783,0.5002576249826234
138,10,"[0.5539568345323741, 0.5539568345323741, 0.5539568345323741, 0.22302158273381295]","[0.25, 0.25, 0.25, 0.25]",17.568345323741013,65.431654676259,68.02158273381296,47.86330935251799,50.45323741007195,35,107,122,47,17,91,7883,0.005941125011304393,0.5243269169877749,0.04411362498649396,0.5684405419742689
139,10,"[0.7714285714285715, 0.7714285714285715, 0.7714285714285715, 0.5571428571428572]","[0.25, 0.25, 0.25, 0.25]",0.0,47.49285714285715,48.050000000000004,47.49285714285715,48.050000000000004,0,61,62,80,78,59,8191,0.005575125018367544,0.39131791598629206,0.12865887500811368,0.5199767909944057
140,10,"[0.5531914893617021, 0.5531914893617021, 0.5531914893617021, 0.11347517730496454]","[0.25, 0.25, 0.25, 0.25]",12.297872340425531,69.0354609929077,69.0354609929077,56.737588652482174,56.737588652482174,28,124,124,17,17,123,8144,0.006324166984995827,0.6501705420087092,0.004496791982091963,0.6546673339908011
141,10,"[0.5563380281690141, 0.5563380281690141, 0.5563380281690141, 0.3380281690140845]","[0.25, 0.25, 0.25, 0.25]",20.323943661971825,69.4225352112676,69.4225352112676,49.098591549295776,49.098591549295776,38,124,124,18,18,123,8627,0.0062984579999465495,0.6511995840119198,0.005040084011852741,0.6562396680237725
142,10,"[0.6643356643356644, 0.6643356643356644, 0.6643356643356644, 0.5524475524475524]","[0.25, 0.25, 0.25, 0.25]",0.0,56.90209790209791,62.776223776223794,56.90209790209791,62.776223776223794,0,79,94,79,49,63,9275,0.006014875019900501,0.4309670000220649,0.1352592920011375,0.5662262920232024
143,10,"[0.6666666666666666, 0.6666666666666666, 0.6666666666666666, 0.5555555555555556]","[0.25, 0.25, 0.25, 0.25]",0.0,57.05555555555556,62.99305555555556,57.05555555555556,62.99305555555556,0,79,94,80,50,63,9302,0.005907959013711661,0.43981520799570717,0.14023575000464916,0.5800509580003563
144,10,"[0.6620689655172414, 0.5517241379310345, 0.5517241379310345, 0.5517241379310345]","[0.25, 0.25, 0.25, 0.25]",0.0,57.655172413793096,63.88965517241379,57.655172413793096,63.88965517241379,0,80,96,81,49,63,9512,0.006366125016938895,0.44691400000010617,0.14673424998181872,0.5936482499819249
145,10,"[0.6643835616438356, 0.6643835616438356, 0.5547945205479452, 0.5547945205479452]","[0.25, 0.25, 0.25, 0.25]",0.0,57.8082191780822,64.10958904109592,57.8082191780822,64.10958904109592,0,80,96,82,50,63,9410,0.006872708006994799,0.46806345801451243,0.15339545800816268,0.6214589160226751
146,10,"[0.6666666666666666, 0.5578231292517006, 0.5578231292517006, 0.5578231292517006]","[0.25, 0.25, 0.25, 0.25]",0.0,57.9591836734694,64.32653061224491,57.9591836734694,64.32653061224491,0,80,96,83,51,63,9617,0.006096999975852668,0.4642426250211429,0.15478800001437776,0.6190306250355206
147,10,"[0.6621621621621622, 0.6621621621621622, 0.6621621621621622, 0.5540540540540541]","[0.25, 0.25, 0.25, 0.25]",0.0,58.56081081081081,65.22297297297297,58.56081081081081,65.22297297297297,0,81,98,84,50,63,9742,0.006449167005484924,0.461528958985582,0.16243862500414252,0.6239675839897245
148,10,"[0.6644295302013423, 0.6644295302013423, 0.6644295302013423, 0.5570469798657718]","[0.25, 0.25, 0.25, 0.25]",0.0,58.711409395973156,65.44295302013423,58.711409395973156,65.44295302013423,0,81,98,85,51,63,10006,0.006672500021522865,0.46909904197673313,0.16542079197824933,0.6345198339549825
149,10,"[0.5533333333333333, 0.5533333333333333, 0.5533333333333333, 0.22666666666666666]","[0.25, 0.25, 0.25, 0.25]",18.026666666666664,70.53333333333332,73.48,52.50666666666665,55.45333333333334,35,115,132,52,18,97,9301,0.007210333016701043,0.6669155839772429,0.05969724999158643,0.7266128339688294
150,10,"[0.6622516556291391, 0.6622516556291391, 0.5562913907284768, 0.5562913907284768]","[0.25, 0.25, 0.25, 0.25]",0.0,59.463576158940405,66.55629139072853,59.463576158940405,66.55629139072853,0,82,100,87,51,63,10079,0.006609292002394795,0.4893858330033254,0.17640500000561588,0.6657908330089413
151,10,"[0.6644736842105263, 0.6644736842105263, 0.6644736842105263, 0.5526315789473685]","[0.25, 0.25, 0.25, 0.25]",0.0,52.01315789473685,66.77631578947368,52.01315789473685,66.77631578947368,0,67,100,118,52,33,10771,0.006967292021727189,0.2884314999973867,0.3679737080237828,0.6564052080211695
152,10,"[0.7712418300653595, 0.7712418300653595, 0.7712418300653595, 0.5555555555555556]","[0.25, 0.25, 0.25, 0.25]",0.0,52.11111111111111,52.666666666666664,52.11111111111111,52.666666666666664,0,67,68,87,85,65,9881,0.007148167002014816,1.00252029200783,0.17456645800848491,1.177086750016315
153,10,"[0.7727272727272727, 0.7727272727272727, 0.7727272727272727, 0.551948051948052]","[0.25, 0.25, 0.25, 0.25]",0.0,52.76623376623376,52.76623376623376,52.76623376623376,52.76623376623376,0,68,68,86,86,67,10294,0.007207457994809374,0.605085708986735,0.16589787500561215,0.7709835839923471
154,10,"[0.5548387096774193, 0.5548387096774193, 0.5548387096774193, 0.33548387096774196]","[0.25, 0.25, 0.25, 0.25]",10.12258064516129,75.8967741935484,75.8967741935484,65.7741935483871,65.7741935483871,29,136,136,19,19,135,10443,0.007522125000832602,0.8761912499903701,0.006203083001310006,0.8823943329916801
155,10,"[0.7756410256410257, 0.7756410256410257, 0.6666666666666666, 0.5576923076923077]","[0.25, 0.25, 0.25, 0.25]",0.0,52.96153846153846,52.96153846153846,52.96153846153846,52.96153846153846,0,68,68,88,88,67,10050,0.007335375004913658,0.5772616670001298,0.1752692910085898,0.7525309580087196
156,10,"[0.554140127388535, 0.554140127388535, 0.554140127388535, 0.3375796178343949]","[0.25, 0.25, 0.25, 0.25]",20.834394904458602,76.78980891719745,76.9108280254777,55.95541401273884,56.07643312101909,43,137,138,21,19,135,10408,0.007916374976048246,0.8990280830184929,0.008033875026740134,0.907061958045233
157,10,"[0.6645569620253164, 0.6645569620253164, 0.6645569620253164, 0.5569620253164557]","[0.25, 0.25, 0.25, 0.25]",0.0,62.322784810126585,69.44303797468355,62.322784810126585,69.44303797468355,0,86,104,90,54,67,11511,0.008496207999996841,0.6059560829889961,0.2020290000073146,0.8079850829963107
158,10,"[0.6666666666666666, 0.6666666666666666, 0.5534591194968553, 0.5534591194968553]","[0.25, 0.25, 0.25, 0.25]",0.0,63.37106918238994,69.66037735849055,63.37106918238994,69.66037735849055,0,88,104,87,55,71,11177,0.00810616699163802,0.6407622910046484,0.1884471660014242,0.8292094570060726
159,10,"[0.6625, 0.6625, 0.6625, 0.55625]","[0.25, 0.25, 0.25, 0.25]",0.0,63.074999999999996,70.55625,63.074999999999996,70.55625,0,87,106,92,54,67,11827,0.00985387500259094,0.6284474999993108,0.21713808298227377,0.8455855829815846
160,10,"[0.6645962732919255, 0.5527950310559007, 0.5527950310559007, 0.5527950310559007]","[0.25, 0.25, 0.25, 0.25]",0.0,64.12422360248448,70.77639751552796,64.12422360248448,70.77639751552796,0,89,106,89,55,71,11822,0.007778708997648209,0.6625456250039861,0.20003991699195467,0.8625855419959407
161,10,"[0.6666666666666666, 0.6666666666666666, 0.6666666666666666, 0.5555555555555556]","[0.25, 0.25, 0.25, 0.25]",0.0,64.27777777777777,70.99382716049382,64.27777777777777,70.99382716049382,0,89,106,90,56,71,12067,0.008354249992407858,0.681800791004207,0.2059305000002496,0.8877312910044566
162,10,"[0.7730061349693251, 0.7730061349693251, 0.7730061349693251, 0.5521472392638037]","[0.25, 0.25, 0.25, 0.25]",0.0,55.87730061349692,55.87730061349692,55.87730061349692,55.87730061349692,0,72,72,91,91,71,11349,0.008686000015586615,0.6872230420121923,0.19777166700805537,0.8849947090202477
